song_name,song_id,artist,track_preview,track_img
...Ready For It?,7zgqtptZvhf8GEmdsM2vp2,Taylor Swift,,https://i.scdn.co/image/ab67616d00001e024322e9bd7d57d061d0e19e1f
The Other Side Of Paradise,3aTrurxagDJfsQRBEOGfMb,Glass Animals,,https://i.scdn.co/image/ab67616d00001e02f8aa1d411dcb12d714a797a8
Lemonade - Edit,31rmLSgoQ9xFS35ZJ29MRb,CocoRosie,,https://i.scdn.co/image/ab67616d00001e0232f78ff6799f25c55be43910
Why'd You Only Call Me When You're High?,2v8X6L6j0kbUPXDZwtXvXU,Arctic Monkeys,,https://i.scdn.co/image/ab67616d00001e024f669de38690faf2cf88c245
Moses,7a0TQDgcnMCBL64jckgJLC,Elizabeth Fraser,,https://i.scdn.co/image/ab67616d00001e021660423201e773b577fbeb12
Naked,0K8R1ZZcreZ3iKbfRzbZg1,X Ambassadors,,https://i.scdn.co/image/ab67616d00001e0298a59f12f67b364e2144a265
Epiphany,7L8hkKW4hnemNfuOfEZcle,BTS,,https://i.scdn.co/image/ab67616d00001e026feb6d9ed7891f40e9a524dd
Black Is The Color Of My True Love's Hair - Jaffa Remix,7aXIEpFnkQKVloLPx6nalb,Various Artists,,https://i.scdn.co/image/ab67616d00001e025916776b0acef18fb9dc759f
Serendipity (Full Length Edition),5cQB9fbuQCz4muQUFkv3rR,BTS,,https://i.scdn.co/image/ab67616d00001e026feb6d9ed7891f40e9a524dd
I WILL SURVIVE,0x4GSz5C4XZDkNhFswGboC,Various Artists,,https://i.scdn.co/image/ab67616d00001e029114f59c948b2f68146b74f0
Loud Places,2sZtaJ4RFbRAAOBKWEeR4H,Jamie xx,,https://i.scdn.co/image/ab67616d00001e0265adb63d8424cf779ef0876d
The Whispering Wind,3UDsgxCJlSFLBkLIqPIdqU,Moby,,https://i.scdn.co/image/ab67616d00001e0240fb5b3c1b2cedcccce41b97
Mr. Blue Sky,74z2lfZ7fj3IqoK71lHkZw,Electric Light Orchestra,,https://i.scdn.co/image/ab67616d00001e02f5c4e59e9c4cdba319752a6e
Homesick,0WeqauIUZSjsupDGXsXWsP,Kings of Convenience,,https://i.scdn.co/image/ab67616d00001e02d71c263a42991967290401af
Fine,2ZZORIh29EZONUETNOD83m,GOT7,,https://i.scdn.co/image/ab67616d00001e02d8ef4def05025c10a2c32a2f
Heart-Shaped Box,6EvgWSbWmQelxrQBmhEdXh,Nirvana,,https://i.scdn.co/image/ab67616d00001e02f118d2074e050cbc2e4533a0
Parallel Lives - Acoustic,3ouWhWu7fgGOeXxypu8U6k,Comme des Frères Musique Originale du Film,,https://i.scdn.co/image/ab67616d00001e028b7e429ef5a1498b384ff13b
There's No Way (feat. Julia Michaels),2hnxrRNzF74mdDzpQZQukQ,Lauv,,https://i.scdn.co/image/ab67616d00001e02b67fed8dfcaac831401be9bf
Shine On You Crazy Diamond (Parts 1-8) - Live,7EvgVYveQrg7aQexZgYmiH,Roger Waters,,https://i.scdn.co/image/ab67616d00001e020895bac241d27da5929fd9de
September,4N30D7CKs0DM0zwjnhU9mr,Gabrielle,,https://i.scdn.co/image/ab67616d00001e025d3a0f50868e1ad35a70db27
Amerimacka,2jvuf7h454hjB2vIFhDn3o,Thievery Corporation,,https://i.scdn.co/image/ab67616d00001e0289dea61b04acbd044a41787e
Bumpy Ride,0tBRo4P60DgKmg4jt48upm,Mohombi,,https://i.scdn.co/image/ab67616d00001e02fcbf1271e74950046139cd8b
Sold Out Dates (feat. Lil Baby),72LlwJM24dWKpFLVB3PWWQ,Gunna,,https://i.scdn.co/image/ab67616d00001e020c8a3b7c8d4a8bc1a1b4e722
Know You Now,6iWqDBhlLaFd51ovf2rTRt,Amy Winehouse,,https://i.scdn.co/image/ab67616d00001e0247b5c07cda602f3c039c0ac3
See-Line Woman,42lOtoOmae4p2AAxADtTV1,Nina Simone,,https://i.scdn.co/image/ab67616d00001e0250f688856a764c79b810e2cf
My Baby Just Cares For Me,2n845ZaLOgpNJ3RinFwE1W,Nina Simone,,https://i.scdn.co/image/ab67616d00001e020de29ce19ea07c2b67b01e3f
Don't Let Go,6laPV7tMFYV8atJF5fXsgx,Lila,,https://i.scdn.co/image/ab67616d00001e022745686a054db9a7756fe409
Of The Night,4yFEz5j53bnYoavrMqJY6i,Bastille,,https://i.scdn.co/image/ab67616d00001e02ea31b7b318e504c083d44346
With Arms Wide Open,6yagwOP4hNv70YC4pIKUPx,Creed,,https://i.scdn.co/image/ab67616d00001e021e792c9c9def609333ba1c9a
We Could Go Back,2PJ55QsqjSVwN2esqfMDFu,Jonas Blue,,https://i.scdn.co/image/ab67616d00001e0241acb292d0daebf9d7d293fd
Kings And Queens Of Summer,5t8OPbUoBQJsoJjExghUHj,Matstubs,,https://i.scdn.co/image/ab67616d00001e02c34b4d7282a0a35e8cefeb7d
Groove Is in the Heart,2UVLuddklEVak5PXgC7baA,Deee-Lite,,https://i.scdn.co/image/ab67616d00001e029a78755d6cdef8bdd15b39bf
Deceptively Yours - DJ Strobe 7 Below Zero Remix,1y5Oft6hjMImtGC0KhJcTh,The Peter Malick Group,,https://i.scdn.co/image/ab67616d00001e0247dec5f16443ad53fdc0e02e
"Shine On You Crazy Diamond, Pts. 1-5 - 2011 Remastered Version",2dWCp5vcNwSy25zRVFGC5t,Pink Floyd,,https://i.scdn.co/image/ab67616d00001e02502bbf975cb8d7537f206780
Comedown,7yX8ayPTlR5kjECfCyS7ZN,Bush,,https://i.scdn.co/image/ab67616d00001e02311e95980a19ba2821a5d06e
Let You Down,6mrKP2jyIQmM0rw6fQryjr,NF,,https://i.scdn.co/image/ab67616d00001e0239e85b6ae069d1e25bbc89df
I Knew You Were Trouble,6RjKVXi31fui9m4dbiGRrL,Taylor Swift,,https://i.scdn.co/image/ab67616d00001e027d2f918a1b23f98ceb7510fa
for you,5hgX8pSZSOcKhsvzldsgWy,jhfly,,https://i.scdn.co/image/ab67616d00001e02bff843f9a6405ce8ae7fad16
They Don't Know About Us,72C7aUQECOhNtnD0AC36ua,One Direction,,https://i.scdn.co/image/ab67616d00001e02ddacff8ec2f8f34ed56957cf
The Bird,2xzHM5HxH8V7f4tIK79h0L,SYML,,https://i.scdn.co/image/ab67616d00001e024e7da89a06b0c649b0740339
All The Time,0sFvItEeMstcUyZCleYgyj,Jeremih,,https://i.scdn.co/image/ab67616d00001e0273b4a9307c49a5eedcd54133
High By The Beach,35WhawODuOs0kaHxwmPA9D,Lana Del Rey,,https://i.scdn.co/image/ab67616d00001e02c8df94781bfb37742c00f4f1
Flashing Lights,0ua0Go4NN4Td7l0Zre6Ce3,Kanye West,,https://i.scdn.co/image/ab67616d00001e02675561f3defd1d5a551936a8
Hvite menn som pusher 50,7vKmrZGW8opHdJVZbyCe1i,Karpe,,https://i.scdn.co/image/ab67616d00001e0266a1c0cd4bdcb46afe624c44
We Owned The Night,7nvmiDtfh9gwYFh9Kzn7sc,Lady A,,https://i.scdn.co/image/ab67616d00001e02a13babb8e78be20f94d69299
Night Train,3qn7FzYkDLJBbOnRwSsDWV,Jason Aldean,,https://i.scdn.co/image/ab67616d00001e026d18b0052a1deda980518008
Thank God I'm a Country Boy,1GppOc3LMBYanYagzCQCci,John Denver,,https://i.scdn.co/image/ab67616d00001e02aa3e832b643a1813204f8fa5
I Believe I Can Fly,0AIfr4oi192dWLRJZrRz1O,R. Kelly,,https://i.scdn.co/image/ab67616d00001e022335b99cb50f810a58147bd0
Memories,1luNGK524Xqr0bT4knZeHV,The Midnight,,https://i.scdn.co/image/ab67616d00001e02ab574f78b1a57e3abc93e535
Jason (feat. Nikki Flores),4jEy6jXHWcOKXsVfIV5lR2,The Midnight,,https://i.scdn.co/image/ab67616d00001e02ab574f78b1a57e3abc93e535
Wake Up This Day,2eGFixlUmSK3Yei80riTVe,Tom Misch,,https://i.scdn.co/image/ab67616d00001e0204673b3ef017a7581b96e42f
Walk On Water,5UMD1Iz7yyVK8Q5FLsVt3q,Thirty Seconds To Mars,,https://i.scdn.co/image/ab67616d00001e021a909dd5d735c8edcd3cba6f
imagine if,12gnUTEnxL6PYN06RX2Je1,gnash,,https://i.scdn.co/image/ab67616d00001e02d74cfa770ecdd9e05eb03af5
Words,6tvd5KHgUKvBvZWuT9OZe4,Various Artists,,https://i.scdn.co/image/ab67616d00001e020db3901606954f424070ff01
Layla,4qbPYIqTwAf5OIzrRLQ49q,Duane Allman,,https://i.scdn.co/image/ab67616d00001e020d391875715011021f24c2c9
Ramblin' Man,2Q7LpkYrS0PBpoq3iCqypa,Allman Brothers Band,,https://i.scdn.co/image/ab67616d00001e02477680eb32457ae31c904de6
Month Of May,3Er1wNuejABz1cau68q6Qd,Arcade Fire,,https://i.scdn.co/image/ab67616d00001e02575a1a86fdde8dfb1be3b787
Never Let Me Down Again,6mGduLfvfVOimuxfRvTdR0,Depeche Mode,,https://i.scdn.co/image/ab67616d00001e025e763da183cd056df8b98907
Runaways,2K06amHdw8ZPWI75Xvo9Ij,Sam Feldt,,https://i.scdn.co/image/ab67616d00001e02269d7e60326d70237c5c5ff5
Cha Cha Slide,5xM801uXVrqhUb0PzeSLvJ,Mr. C,,https://i.scdn.co/image/ab67616d00001e020815b580f6ae2c42199da62d
The Epilogue,0v61DRcLWZlesFoIdqD0mz,✝✝✝ (Crosses),,https://i.scdn.co/image/ab67616d00001e02e83e7d92e3d5df872809a40a
Bad Moon Rising,6NxsCnLeLd8Ai1TrgGxzIx,Creedence Clearwater Revival,,https://i.scdn.co/image/ab67616d00001e024f8168062de0a7347c49d7f7
Love On The Brain,2aksifNn5ph8igDOkPBA02,Rihanna,,https://i.scdn.co/image/ab67616d00001e0233de8537b313380d4f4c3ca6
Someone You Love,5aI77cw8Bs9AxvrujjkXVD,Tina Dico,,https://i.scdn.co/image/ab67616d00001e02225cf09adbf9f0e7432da39e
Heart,2mR4WRacdy49ZfNxU9GkTT,Stonefox,,https://i.scdn.co/image/ab67616d00001e027600dfaffb91218ff85b3f4b
Det ordnar seg for pappa,1ivQOuG8x5M7D79bcDY7hK,Lars Vaular,,https://i.scdn.co/image/ab67616d00001e02a2ad72c986459264fa30cb9c
Where It's At,7mQertZHtd37UQ2uJs0Uct,Beck,,https://i.scdn.co/image/ab67616d00001e02e54bfe883371424b8b2c4544
The Last Goodbye,5705mFjNqJPxj2RSGyEOIL,Lacuna Coil,,https://i.scdn.co/image/ab67616d00001e02ccc8dafefca597af4371d61b
Today Was A Fairytale,5sqH4CXiaXcZefLgU0PL5C,Swifty,,https://i.scdn.co/image/ab67616d00001e02d3f32c49cf1a49f38c746b89
Thought Contagion,35zrlBOjpfDPMcZzglWOuV,Muse,,https://i.scdn.co/image/ab67616d00001e02a314fc3561bc2e90d597e783
Blackout,5HxlbjfvqNgKWFBcXEdKsx,Egil Ellevill,,https://i.scdn.co/image/ab67616d00001e0274da74f220f0509a3d247df6
Hang With Me,5WSvxi7ypTMrrbJ4FS4kCO,Robyn,,https://i.scdn.co/image/ab67616d00001e0278d16c9003d50bf2e1cf15f5
Telephone,00BuKLSAFkaEkaVAgIMbeA,Lady Gaga,,https://i.scdn.co/image/ab67616d00001e029bc57d66a2e1c9ed8ddc18f1
Drømmemann,4PmENqnjybovsBQE1iZ0AO,Cess,,https://i.scdn.co/image/ab67616d00001e028df896186e3353b9d21ee74d
Happy House,08NyT4kTqgLDXvBP6cRCSJ,Siouxsie and the Banshees,,https://i.scdn.co/image/ab67616d00001e02f6436324f68fdf0a1ff3fdb4
I Need My Girl,7rbCL7W893Zonbfnevku5s,The National,,https://i.scdn.co/image/ab67616d00001e02dde1a49f8cdfdeffc14b8b85
Medicine,53ZtWDhEletCF6ncmKRJY3,Tindersticks,,https://i.scdn.co/image/ab67616d00001e027b111538abb8aed02d54bb37
Baby It's Cold Outside,6K9hwKk00liPSyEemLgiik,Willie Nelson,,https://i.scdn.co/image/ab67616d00001e026b562cfa7c33fe63622ea5c1
She Wants Me Dead - CAZZETTE vs. AronChupa,2fn8m8nvi1zlGWTxfNaMgo,CAZZETTE,,https://i.scdn.co/image/ab67616d00001e02cd50734442d04af13a858953
Shuffle,2liSlNexNAwuix9JhmF8KZ,Bombay Bicycle Club,,https://i.scdn.co/image/ab67616d00001e02d8071ae1874a7cdd592b3e6c
Grandma Plays The Numbers,628ZHvFEZSdHAbp99ghlPr,Wynonie Harris,,https://i.scdn.co/image/ab67616d00001e02f8410a8d2a90dfd6d63f4516
Bris,3hffCKdLCnm0NRbMwrI4Wu,Kaizers Orchestra,,https://i.scdn.co/image/ab67616d00001e02f1934340f86823c363f87478
In My Blood,79jX8RM5CgPqDKdGEKNW9K,Shawn Mendes,,https://i.scdn.co/image/ab67616d00001e0288da297b53e5785d8ae195ab
Golden Ticket (Acoustic Version),5p12bVQX5OLBWqcTEZaNkN,Highasakite,,https://i.scdn.co/image/ab67616d00001e026aa3b07a7677752043c6ff06
A Kiss To Build A Dream On,2L3b28m7WkjHrLMuBQxQvR,Louis Armstrong,,https://i.scdn.co/image/ab67616d00001e028496ba38d3eaaa0a076be39e
Greater,6eFGvG8mkvZJjhPx9wMZGc,MercyMe,,https://i.scdn.co/image/ab67616d00001e021e6a634445675d49692b63ab
In Case You Didn't Know,2dWgzqawzDkBL8QfZw92Ub,Brett Young,,https://i.scdn.co/image/ab67616d00001e024d52cc39e23fb87f05f6731e
Sirens Call,2elJuyK9YWZW1puGAAf3rT,Cats On Trees,,https://i.scdn.co/image/ab67616d00001e0283549e3d2d36ed36b02c106f
Rockin' Around The Christmas Tree - Single Version,3Hd808dVoD2cvgAs3zJfMY,Various Artists,,https://i.scdn.co/image/ab67616d00001e02889dbd137503577a4d627306
Johnny Delusional,3ZsOgQ09tpb5avJ8PRZWVP,FFS,,https://i.scdn.co/image/ab67616d00001e029c263fb9a135ad0ed746b03f
Retrograde,03CLsFk6JSz301bKuukPSD,James Blake,,https://i.scdn.co/image/ab67616d00001e02e3248e994fec952e380f8562
Burn the Witch,3dAxzv7hkxipbuWJaOMzAl,Radiohead,,https://i.scdn.co/image/ab67616d00001e02ecaa2f9dd8c165dc0627be7e
Landfill,2EfZVAmlo67ydkGe1NwpDw,Daughter,,https://i.scdn.co/image/ab67616d00001e021d720742057a413c5bd83f67
American Money,1lheEfIE4ZyYmUXvJ7DPAM,BØRNS,,https://i.scdn.co/image/ab67616d00001e026cb06b0d95fe9c8f608c0599
I Love You All (Radio Mix) [feat. Michael Fassbender],11hDnoFlMMA3kXAADp3pOj,The Soronprfbs,,https://i.scdn.co/image/ab67616d00001e02af2d33f247f17caf78e8c73e
The Party Line,05wFHt1ZAsFU8GKbHV7nxo,Belle and Sebastian,,https://i.scdn.co/image/ab67616d00001e0212d18eea806959548513f568
Chernobyl,0jkhatWqHqW8o4HLeHZXAc,Highasakite,,https://i.scdn.co/image/ab67616d00001e0234661c924598d52ba04ab62f
Expectations,5xxfrTsLd4BJqfm18eRw9I,Belle and Sebastian,,https://i.scdn.co/image/ab67616d00001e027732be923fc9f29eef8cac96
Dem Beats,2ky2EF48bJyzdDf72AkhF6,Todrick Hall,,https://i.scdn.co/image/ab67616d00001e02998ef3ace2a9c09bbe01c965
You And Me,3ue9zcwNcoYvFqKVjG0C6r,Penny & The Quarters,,https://i.scdn.co/image/ab67616d00001e021cb6ff5838dc35256347ef9a
Feeling High,6E88mMaThm9LeSwOrjqQF6,Khwezi,,https://i.scdn.co/image/ab67616d00001e02474dbc2473327bf64ed599f8
disco tits,6E1dxU9KL2FYgjv8hM54Dx,Tove Lo,,https://i.scdn.co/image/ab67616d00001e0275c3b6771df2cf9669378d29
Dead Leaves And The Dirty Ground,4xTjyX1PVTZJftjY2dUzBi,The White Stripes,,https://i.scdn.co/image/ab67616d00001e029f5013e0918c4cab46dc0c37
Better Off Alone - Hitradio Mix,72lAIcldZMBgaeF6XwjAnC,Alice Deejay,,https://i.scdn.co/image/ab67616d00001e02c249305c873efdc641c1efa0
Years - ラジオ・エディット,2YBnNbMOUUSkqncnQgkqST,Alesso,,https://i.scdn.co/image/ab67616d00001e02cf08b52ba5a1079a7577fab8
O Children,0bzZwA8pL8U8ERddgcwxWP,Nick Cave & The Bad Seeds,,https://i.scdn.co/image/ab67616d00001e02ddf6f0ba0964190e47226663
Backyard,3tklm1PwWhuUSgavmBB5mv,Good Lovelies,,https://i.scdn.co/image/ab67616d00001e028d448926f465df30bf3b98d6
Good Morning,1sSLIYNgwa5yAFglLYMed3,Various Artists,,https://i.scdn.co/image/ab67616d00001e0209838b3cd3e8a948c163675f
Gay Bar,6s9iK4Hf5nLhdDMCnkDV3T,Electric Six,,https://i.scdn.co/image/ab67616d00001e023e1361ca3ec392dc2586bf76
Skulls,1JRgjHLYHreosUMi8fv3Vu,Röyksopp,,https://i.scdn.co/image/ab67616d00001e02e2ad072edab9a2050f283a37
My Society,6y45GZ34Hm9QejTU12andf,Hôtel Costes,,https://i.scdn.co/image/ab67616d00001e02e6a63209bcd69a070dfc6c83
What's Up?,7f0jXNMu2xjQUtmKMuWhGA,4 Non Blondes,,https://i.scdn.co/image/ab67616d00001e02b6661e358246261816ca707e
September Song,0DNk7lEqDGCN6nDD0H8emF,JP Cooper,,https://i.scdn.co/image/ab67616d00001e029de9b8daa121d9c4dc36e1a3
Devil's Spoke,3dhLTGgw1EvjXExJYxTfWw,Laura Marling,,https://i.scdn.co/image/ab67616d00001e02c6ab78e5cb7d576164707439
Woman and Man,3FVXIJgdKDrOMc35QSCZSQ,Ween,,https://i.scdn.co/image/ab67616d00001e026a42391942aa5f89b5d1d671
Starboy,2IY7eOUDjw2ArKYxKa2jXc,The Weeknd,,https://i.scdn.co/image/ab67616d00001e020b30436953c521c87eb82c75
Rather Be (feat. Jess Glynne),7x7OXP72oUQqw4JVoQa3kT,Clean Bandit,,https://i.scdn.co/image/ab67616d00001e028296a08a9a9a2f1033eca764
Memories,0gDWgUpmcRyIb9yBxeaGQj,Waldeck,,https://i.scdn.co/image/ab67616d00001e0283dd484368ac45e8ac3ad6d7
Six Feet Under,54Bdz1CeXqh2fpAfGT59CN,The Weeknd,,https://i.scdn.co/image/ab67616d00001e020c8599cbde51245c128bcea9
X Marks the Spot,3ltP3aaxTS5Hd1I4KNJe5i,Ghostpoet,,https://i.scdn.co/image/ab67616d00001e02dbc2ae6a30cf72d2c0f7d859
Playinwitme (feat. Kehlani),43cFjTTCD9Cni4aSL0sORz,KYLE,,https://i.scdn.co/image/ab67616d00001e02fa7b2b60e85950ee93dcdc04
I Put A Spell On You,2k1FxnHzyWGUT9hNIGFjsE,Annie Lennox,,https://i.scdn.co/image/ab67616d00001e0267dd688853b5ed6c224c5b65
No One,0JEqGkvUiMTQmFY6sgL9kg,Alicia Keys,,https://i.scdn.co/image/ab67616d00001e020e7e087dea9187d221f7976d
She's Country,4A6IgELhUNZIJ38kMUB4pC,Jason Aldean,,https://i.scdn.co/image/ab67616d00001e02e933467659d2f97eef64ed2e
8 Letters - Party Pupils Remix,1oR81qFiVw6g2qjGyum021,Why Don't We,,https://i.scdn.co/image/ab67616d00001e024e76ce60de8dfd8da1b48752
"Minnesota, WI",6efNOpesYf3u9vOScWE5Me,Bon Iver,,https://i.scdn.co/image/ab67616d00001e02f68c287d90dce06539309986
No Replacing You,5vmSMCACbvvNyj71zAMRQ9,Pink Sweat$,,https://i.scdn.co/image/ab67616d00001e02fb78e3bdef2ba28282b8c840
Feel Again,6nmVeODcBpsGKx5RPv003D,OneRepublic,,https://i.scdn.co/image/ab67616d00001e02ef5a41b9299d772644927b95
Cold Skin,2Nbk6e3lExNzZj9AuCwV8C,Seven Lions,,https://i.scdn.co/image/ab67616d00001e023bab79944ed45be800033165
Paint Yourself,0yOejql4hrkoB3VYqpvtnW,White Denim,,https://i.scdn.co/image/ab67616d00001e027c7b7807334820855dcd5b0c
Something In The Way,53rVYwGiKUC3gYX8SQQYYU,Nirvana,,https://i.scdn.co/image/ab67616d00001e02f411d2833d932f4d84d616ef
Summer Of '69,5EU1mh0C4Km3k6vGvIDN2J,Bryan Adams,,https://i.scdn.co/image/ab67616d00001e025ee8bc02bd6ab68b1dc9ff80
Only for the Weak,03zYFtluA21jFWQVPMbUYO,In Flames,,https://i.scdn.co/image/ab67616d00001e02955536b17812ef9da826562b
Mad Sounds,3msQ1AerRdSbjrBk3F4W0q,Arctic Monkeys,,https://i.scdn.co/image/ab67616d00001e024f669de38690faf2cf88c245
In the Wee Small Hours of the Morning,2JZzhNbIKPLJPgX1THpI0m,Frank Sinatra,,https://i.scdn.co/image/ab67616d00001e0271fa741923189e51609761b8
Thought About You,7kCXmYJeltdnCMMsfwaCsf,Tim McGraw,,https://i.scdn.co/image/ab67616d00001e027d65de2944f9c8f06cf437a2
Nothing Can Change This Love,26rvI6Xps9TPk2nBgk5Gn9,Sam Cooke,,https://i.scdn.co/image/ab67616d00001e02a08d0fa95bf122b9a7e04570
One Man Band,3ksmU0DaEUMEVzx5V6cc3z,Old Dominion,,https://i.scdn.co/image/ab67616d00001e02a2254a9b3748f372b52b58af
"I, The Hand Grenade",2hkcqDkVqD2WBjsYHBWlUz,Highasakite,,https://i.scdn.co/image/ab67616d00001e02e3e28304794cc55427307dd0
Coney Island Baby,5ekAJQMTEhwv9nKQd1NHTM,Tom Waits,,https://i.scdn.co/image/ab67616d00001e02d8d1e8a330627f090f75e6e7
Maneater,4aKIs5t9TqP59btlCGPrgw,Daryl Hall & John Oates,,https://i.scdn.co/image/ab67616d00001e02cb6fdb35aac14a4dcc437f5b
Chicken Fried,4dGJf1SER1T6ooX46vwzRB,Zac Brown Band,,https://i.scdn.co/image/ab67616d00001e023f6f4ab78c05dfdfcc37a205
The Logical Song - Radio Edit [Remastered],0OpsdOxCH5frtDmBNRQDEF,Scooter,,https://i.scdn.co/image/ab67616d00001e02b281410f532115dcd0f08c85
Game Boy,3y2M4HC1CwVP9GlEvTVTO3,Kjartan Lauritzen,,https://i.scdn.co/image/ab67616d00001e029545d5243e8aa657a07a1359
Old Town Road (feat. Billy Ray Cyrus) - Remix,6u7jPi22kF8CTQ3rb9DHE7,Lil Nas X,,https://i.scdn.co/image/ab67616d00001e02bc5839eea68e7ff7f1010f93
Keep Your Head Up,7MapZTlRqFfUteNcghsTwf,Andy Grammer,,https://i.scdn.co/image/ab67616d00001e025d6ee0cc74a8cd744e5106bf
Sweet Emotion,24NwBd5vZ2CK8VOQVnqdxr,Aerosmith,,https://i.scdn.co/image/ab67616d00001e029662c6535fb4bf5767e50f32
Somebody To Love - The Voice Performance,3nkNpAoC3HMNwct5caOGc5,James Wolpert,,https://i.scdn.co/image/ab67616d00001e0221c24633691d5bfafe5ae26b
Break On Me,3W5GXbS3ugsYjx1X0xBNbL,Keith Urban,,https://i.scdn.co/image/ab67616d00001e02587d725d25be6fae48ff2d29
Jai Ho,4i3MgUew8ynhf49Qwr4IP4,Various Artists,,https://i.scdn.co/image/ab67616d00001e0264b18e70f961ae35e8f7b4ab
You Make My Dreams,5kn8foqu9fVRqg9x6pFnYQ,Daniel Seavey,,https://i.scdn.co/image/ab67616d00001e0208167f4957efad8787cd9ed5
Tarkus - i. Eruption / ii. Stones of Years / iii. Iconoclast / iv. Mass / v. Manticore / vi. Battlefield / vii. Aquatarkus; 2012 Remaster,62d0aGpYF2p8fpvJ1qa32V,"Emerson, Lake & Palmer",,https://i.scdn.co/image/ab67616d00001e02008bb16c05153ecaf7853f81
Say Something To Me,7wLIw9KMkYvdiRbaXpk2jh,HRVY,,https://i.scdn.co/image/ab67616d00001e02444ff5fce26c89b5a309f536
Queer,1rv9cX499pt0C7ws8ZEZQf,Garbage,,https://i.scdn.co/image/ab67616d00001e02ab90eec08e9803d0273b1d82
Monument,5B6DrPM6zV3KBzVc4zutSD,Röyksopp,,https://i.scdn.co/image/ab67616d00001e0283f481912754558f3b0146df
A Brighter Day,0KVG8XyYqp6nymh7rdDsmV,Ronny Jordan,,https://i.scdn.co/image/ab67616d00001e0293f2549b61a35bede551effa
Heartbroken,6zrGk96LoPi7LARG959UWA,HRVY,,https://i.scdn.co/image/ab67616d00001e02f74a26b9b62a6a98e56a84e3
Joe,7ol1ASKne63N10YvJymAjy,The Cranberries,,https://i.scdn.co/image/ab67616d00001e021eab8368d90f9c87692e6474
Make You Mine,1ZWFt1f25IDDHsyx2rlcSV,Us The Duo,,https://i.scdn.co/image/ab67616d00001e02aba8440571322278544d77c4
Nan's Song,4csONhd0Qm1bTLRlJaqNZO,Robbie Williams,,https://i.scdn.co/image/ab67616d00001e023a9ad390e0635b43ff01d250
Stormy,5pwqFOPir9wq1QHrIEaXkw,Classics IV,,https://i.scdn.co/image/ab67616d00001e02dc965d33bf95ddd7a9e903e0
Float,3yt2uGIGep27Q3vtwMXM7d,Pacific Air,,https://i.scdn.co/image/ab67616d00001e02d5c17c788bd202fa909d1eac
Country Boy's World,3PwT4UE95RrHyn6pheYS4g,Jason Aldean,,https://i.scdn.co/image/ab67616d00001e0230fb8097859c939e15124037
Closure,1Ll9VJPuI1JFhdPUhanl8O,Jack & Jack,,https://i.scdn.co/image/ab67616d00001e0294f918bd5cbcb519468e833c
Backyard - Bonus Track,5HrzPdUDfXT1njQCnJK1ww,Of Monsters and Men,,https://i.scdn.co/image/ab67616d00001e02cfec3ff2e253fc0e786e3019
A Life That's Good,0QxKf9IfGjNrTa4gcnP3tN,Nashville Cast,,https://i.scdn.co/image/ab67616d00001e020a01f2a656481ccee1e4080b
You Never Let Go,3NNm7maZCjauZbXTsbXRj2,Matt Redman,,https://i.scdn.co/image/ab67616d00001e026c576abbb272f4cb7d6bb548
"Baby Mine - From ""Dumbo""/Soundtrack Version",2ufkOFn5LKYNoAdss0GUKR,Arcade Fire,,https://i.scdn.co/image/ab67616d00001e02008339ec7e78c0b387360584
I Wanna Know - Acoustic,78dhp5G3n3KbA2ThlSkl2b,NOTD,,https://i.scdn.co/image/ab67616d00001e024e4723a68cc3422abdabe7f0
Hold Tight,72DnQlaqdNhz9QJZXfYe6L,Sabrina Carpenter,,https://i.scdn.co/image/ab67616d00001e0238b27a27cea311f34bb68eff
Sound Of Your Heart,3e5wnsqhAkzlzk9SzdhOzR,Shawn Hook,,https://i.scdn.co/image/ab67616d00001e02b1958b9f231d90f456766ae8
Landslide,41fecZEX4sPrRxnjZQ6DGU,Dagny,,https://i.scdn.co/image/ab67616d00001e02d9c5172b9823f879b9262d18
Yellow Submarine - Remastered 2009,3oEo8Pqm5IAi8wQfCI5BpR,The Beatles,,https://i.scdn.co/image/ab67616d00001e02d283808926ad3d2220e63c1c
The Best Day,3esA216TyLHEkNiBCeCmcg,Taylor Swift,,https://i.scdn.co/image/ab67616d00001e027b25c072237f29ee50025fdc
No Rain - Remastered 2002,4ptSL1o2pRgNvrC4wsN1Pl,Blind Melon,,https://i.scdn.co/image/ab67616d00001e02eaac35c468ad5034241c86ad
All Time Low,5wQRNkb7OhzJoT1P0OZ4Rw,Jon Bellion,,https://i.scdn.co/image/ab67616d00001e029c241fea89446601f29a61e7
One Last Breath,3F1qkJx3flPUWadfFQcOEj,Creed,,https://i.scdn.co/image/ab67616d00001e0280f657ac765c30dc9cf96b2f
Loving Someone,4p1pxmqtPtPHqWbOd2RgXu,The 1975,,https://i.scdn.co/image/ab67616d00001e02d3de03550f715df1ea7e0c08
Higher,2jIMtd2GaUesi6u3hO2Anb,Lemaitre,,https://i.scdn.co/image/ab67616d00001e023d032d3653955186330aab1b
All The Stars (with SZA),7dMBU2Kf4vmvwfVLW6yb6P,Kendrick Lamar,,https://i.scdn.co/image/ab67616d00001e02132072fa796787ddd6325a6d
Cop Car,7LJOfS8evyKfP8Fl5rdZXw,Sam Hunt,,https://i.scdn.co/image/ab67616d00001e029e6b694939f7495f67a0de33
Everything,5UJQ0Ht5Oh1O68pAXNbUk1,Lifehouse,,https://i.scdn.co/image/ab67616d00001e02d0494f682c986764e0bc629c
The Time (Dirty Bit),0iQHjEwLtwyGA9kL1H6SeN,Black Eyed Peas,,https://i.scdn.co/image/ab67616d00001e029efc623f9c64c8efb583b186
If I Lose Myself,7hIRQZhDjab4YgqkkkehV9,OneRepublic,,https://i.scdn.co/image/ab67616d00001e02e80e7dbce3996a1ae5967751
Verge,3bWLBVZz9Vur3OLy05SpfF,Owl City,,https://i.scdn.co/image/ab67616d00001e02f82babf0861d326c7797ab9a
There Will Be A Day,2B503tiZmBFv9b8VomUHFK,Jeremy Camp,,https://i.scdn.co/image/ab67616d00001e0231990f9c8b504365d9d3a647
Romeo And Juliet,1kfrnPViuzKdNwmH21ehLg,The Killers,,https://i.scdn.co/image/ab67616d00001e02c535aaba615ccebdf91f9192
Home Again,46EuzanXhKwIc7755wLAvS,Michael Kiwanuka,,https://i.scdn.co/image/ab67616d00001e02598b2f140fcdaecf31e723e5
One Of Us,71CU7N8x2l4b5DEHPXxZfE,Cast of Mamma Mia! The Movie,,https://i.scdn.co/image/ab67616d00001e02ee80489d36ec17c93088f7b8
Without You,0IVHlst3XMgzXUJbIyZ8oO,Oh Wonder,,https://i.scdn.co/image/ab67616d00001e027cc94e776ebb63dd08c8422c
Wildest Dreams,106R7Z57WYzBAfrXImV30y,Taylor Swift,,https://i.scdn.co/image/ab67616d00001e02332d85510aba3eb28312cfb2
Little Wonders,6j6bTAiW0oEfLlAjmRNcbb,Rob Thomas,,https://i.scdn.co/image/ab67616d00001e028c5caa763674eb6e63132c9a
No Flex Zone,2L8cFPItBljPNJgPjTnuIf,Rae Sremmurd,,https://i.scdn.co/image/ab67616d00001e024ca3fb4517ff722918877460
What I Am,6hHUiDe461VUoTHnsplRYs,Edie Brickell & New Bohemians,,https://i.scdn.co/image/ab67616d00001e02c4cc3c70e4896a692ca6b582
Small Town USA,5pyB5WEAEwqwl18UaBLeBl,Justin Moore,,https://i.scdn.co/image/ab67616d00001e02da2052e05dd848225e84ac5b
Drive,2kJqNHHGOzLNahukdvlDWN,Oh Wonder,,https://i.scdn.co/image/ab67616d00001e027cc94e776ebb63dd08c8422c
I Need You,1na2MOlie83rN9sTNRuEOj,Various Artists,,https://i.scdn.co/image/ab67616d00001e0213c813c97d3bdf1ecb360853
The Phoenix,53AuxddsgPSlqM619nJhSd,Fall Out Boy,,https://i.scdn.co/image/ab67616d00001e0260c84f44c080824ce336e1a1
None Of My Business,2SPEg45ZaUFJCg9GwNmRvw,Cher Lloyd,,https://i.scdn.co/image/ab67616d00001e02aceb64a948b509c46544cf29
Blank Space,2sC2P3BN0IXujNaaSyDmtP,Taylor Swift,,https://i.scdn.co/image/ab67616d00001e02332d85510aba3eb28312cfb2
It Wasn't Me,0OaunKfsxkgBvPv68jBbmm,Shaggy,,https://i.scdn.co/image/ab67616d00001e02bf25537d1dfd790ee0ad03f2
I Bet My Life,15DrrIod12Tc2IoMaHiwlQ,Imagine Dragons,,https://i.scdn.co/image/ab67616d00001e026a6a889eef62af7b190ec713
Queen,53b4d9jHQZq89EtQxwUURr,Loren Gray,,https://i.scdn.co/image/ab67616d00001e02b1f28bbbca75aecc31bdd306
"Let It Go - From ""Frozen""/Soundtrack Version",600HVBpzF1WfBdaRwbEvLz,Various Artists,,https://i.scdn.co/image/ab67616d00001e02ca5326437aaf22f00b4844ca
Generation Why,79e2GU4RLPjAqnijfvsXYr,Conan Gray,,https://i.scdn.co/image/ab67616d00001e021da538ded5176a399722e24a
ATM,2UciqgwVDwro0fev3MFbxJ,J. Cole,,https://i.scdn.co/image/ab67616d00001e02cf0f0affd0138a7442f13706
Evermore,3Yn97I3qIj7Px0Bi4rkD2q,Various Artists,,https://i.scdn.co/image/ab67616d00001e02fac61ec6ab51254a1a4ee6b1
Sixteen,3pJkBPHadRAxBBo484RipI,Thomas Rhett,,https://i.scdn.co/image/ab67616d00001e02a005bf5c526a44272ef20c79
House of the Rising Sun,3XC7Jd6SfrQYKZJ6inyRHK,The Animals,,https://i.scdn.co/image/ab67616d00001e02128b823a82be808648739034
We Found Love,3t4HeVfURZ5DuqMWz0Cmqg,Rihanna,,https://i.scdn.co/image/ab67616d00001e02f70dcec206fbdbcc9816664a
Now Or Never,7i2DJ88J7jQ8K7zqFX2fW8,Halsey,,https://i.scdn.co/image/ab67616d00001e020f7ad6d8d829906c17cae210
How Great Is Our God,0jOSpB2zK2O0SNxj8ZT5lp,Chris Tomlin,,https://i.scdn.co/image/ab67616d00001e021a1eea01889569fbac8cbc5d
It Ain't My Fault,08wJ1B9yu9sPeoRa5fbpr3,Brothers Osborne,,https://i.scdn.co/image/ab67616d00001e027b202008582897a2022a758c
Sour Times,6vTtCOimcPs5H1Jr9d0Aep,Portishead,,https://i.scdn.co/image/ab67616d00001e02dc20397b139223620af148f6
Our Last Summer - From 'Mamma Mia!' Original Motion Picture Soundtrack,7bFmXanwZQm6BMV9Nka6Hk,Cast of Mamma Mia! The Movie,,https://i.scdn.co/image/ab67616d00001e02ddc54feece71dda4290d0579
All For You,2skmOCFU64Bg7Ytkgwliwe,Sister Hazel,,https://i.scdn.co/image/ab67616d00001e02ec9714658411bb44e6bbf798
Tim McGraw,0Om9WAB5RS09L80DyOfTNa,Taylor Swift,,https://i.scdn.co/image/ab67616d00001e022f8c0fd72a80a93f8c53b96c
If I Die Young,4u26EevCNXMhlvE1xFBJwX,The Band Perry,,https://i.scdn.co/image/ab67616d00001e025726e327fd968a6fb5974350
Teardrops On My Guitar - Radio Single Remix,7zMcNqs55Mxer82bvZFkpg,Taylor Swift,,https://i.scdn.co/image/ab67616d00001e022f8c0fd72a80a93f8c53b96c
Love Me Do - Remastered 2009,3VbGCXWRiouAq8VyMYN2MI,The Beatles,,https://i.scdn.co/image/ab67616d00001e02dbeec63ad914c973e75c24df
You Can't Always Get What You Want,6lFZbCc7pn6Lme1NP7qQqQ,The Rolling Stones,,https://i.scdn.co/image/ab67616d00001e022af30c881bb23cfb82a8cf99
Sue Me,3WVhkjB7Y4xFruqoCAajBb,Sabrina Carpenter,,https://i.scdn.co/image/ab67616d00001e0238b27a27cea311f34bb68eff
Blue Ain't Your Color,6wycnu8FWXsj68ig7BEot9,Keith Urban,,https://i.scdn.co/image/ab67616d00001e0254cf35cdbebd3ff59e9328b4
This Is Halloween,01YROQCnF1AQm7SCWJmD2o,Various Artists,,https://i.scdn.co/image/ab67616d00001e0247cc5d86f3528b233f2b78ff
breathin,4OafepJy2teCjYJbvFE60J,Ariana Grande,,https://i.scdn.co/image/ab67616d00001e02c3af0c2355c24ed7023cd394
Lithium,2YodwKJnbPyNKe8XXSE9V7,Nirvana,,https://i.scdn.co/image/ab67616d00001e02e175a19e530c898d167d39bf
When I'm Gone,3WbphvawbMZ8FyqDxYGdSQ,3 Doors Down,,https://i.scdn.co/image/ab67616d00001e0283c39b0d32eb4a2064e1e228
You & Me - Flume Remix,3W2ZcrRsInZbjWylOi6KhZ,Disclosure,,https://i.scdn.co/image/ab67616d00001e02786201dca187d2b0c956c24b
Day 'N' Nite (Nightmare),60PAzFNW3vAiAiVK6DRJfB,Kid Cudi,,https://i.scdn.co/image/ab67616d00001e02713f297a7bdc1d48971062b2
Dark Horse,5jrdCoLpJSvHHorevXBATy,Katy Perry,,https://i.scdn.co/image/ab67616d00001e0247f930accd8ac01686401fa2
1-800-273-8255,5tz69p7tJuGPeMGwNTxYuV,Logic,,https://i.scdn.co/image/ab67616d00001e02cfdf40cf325b609a52457805
Don't You Want Me,3L7RtEcu1Hw3OXrpnthngx,The Human League,,https://i.scdn.co/image/ab67616d00001e025579d8a505c727349a203074
Dancing With Our Hands Tied,7I7JbDv63ZJJsSi24DyJrz,Taylor Swift,,https://i.scdn.co/image/ab67616d00001e02da5d5aeeabacacc1263c0f4b
Broken Halos,06gD2ZtK3Dzc1BYqWExQJJ,Chris Stapleton,,https://i.scdn.co/image/ab67616d00001e026b3e3357c9192722c1236b49
Free Fallin',5tVA6TkbaAH9QMITTQRrNv,Tom Petty,,https://i.scdn.co/image/ab67616d00001e0236572e6726714544f5bed456
I Feel It Coming,3dhjNA0jGA8vHBQ1VdD6vV,The Weeknd,,https://i.scdn.co/image/ab67616d00001e024718e2b124f79258be7bc452
watch,7eB1V5LvAdxCc7brfGhRRo,Billie Eilish,,https://i.scdn.co/image/ab67616d00001e02a9f6c04ba168640b48aa5795
Cake By The Ocean,76hfruVvmfQbw0eYn1nmeC,DNCE,,https://i.scdn.co/image/ab67616d00001e028d0a75346badc30c8b845be9
APESHIT,0E6PsO3ymCfUh7pJQjBgkj,The Carters,,https://i.scdn.co/image/ab67616d00001e02c9ef08879350a57e5f1d7ca2
Cupid,4UX4W63zL7edvyBMg9bTw5,Lloyd,,https://i.scdn.co/image/ab67616d00001e020cbcba901936179fd2c048e0
Coming Closer,238p3EKRYESqsZdgE5DCDR,Duckwrth,,https://i.scdn.co/image/ab67616d00001e022e5a021780f5056724a5b6af
Don't Mind,5vYQLmvEV74DLLqUmOyiFh,Louis The Child,,https://i.scdn.co/image/ab67616d00001e02d0c97444ecc52c4ca601144a
Beautiful Disruption,6AeEf3Y3sxINgxgO6vnk1B,Jaden,,https://i.scdn.co/image/ab67616d00001e0260ec4df52c2d724bc53ffec5
Heatwave (feat. 6LACK),228UGKVMN5uLgmMSi5edOZ,Mereba,,https://i.scdn.co/image/ab67616d00001e02bb2dcdded318b31909aef025
Drama,5g5uwGsczlJfttShmlKhWt,NoMBe,,https://i.scdn.co/image/ab67616d00001e02febb64ee78237bb1e6fd7fab
NOTHING LESS,7aGpxzqEndzz82BfUiPOu8,PARTYNEXTDOOR,,https://i.scdn.co/image/ab67616d00001e02d8082097058d4c44739b17dd
He Loves Me (9th Wonder Remix feat. Common),3fIzKtwrWNcxSyIyxVQQet,Brittany Howard,,https://i.scdn.co/image/ab67616d00001e0232caae08ed1b1ee50296f6da
Miki Doralude,3pq4YwDsDJvQI73SjpVOwp,Anderson .Paak,,https://i.scdn.co/image/ab67616d00001e02575d35bb37c74b64c7308ed5
FRIENDS,0gu5B9dUOiLezdDjrLPCCV,The Carters,,https://i.scdn.co/image/ab67616d00001e02c9ef08879350a57e5f1d7ca2
Trouble,28s8woKltdzuYwKRQ02mmY,J. Cole,,https://i.scdn.co/image/ab67616d00001e02c1bb124f993488cf21b269fc
I'll Be Fine,0INehbMZOFPnaPBAjK97i3,Juice WRLD,,https://i.scdn.co/image/ab67616d00001e02f7db43292a6a99b21b51d5b4
Keep That Energy,4yjUgqcndPZAQWaDR2jUFq,Alex Vaughn,,https://i.scdn.co/image/ab67616d00001e027f956368229f2bb7d632387e
Lace Skull,0oybRywyRAubpasbDlnaWU,Hiatus Kaiyote,,https://i.scdn.co/image/ab67616d00001e02c2eef9f8d1212c80ed4ee399
Sad People,4nuAslShoN77tq12fzwjUq,Kid Cudi,,https://i.scdn.co/image/ab67616d00001e029bf7698a1737bc7c2e4a14f3
Miss America,2wsBhAFs6Cxk9AGngVpYOK,J. Cole,,https://i.scdn.co/image/ab67616d00001e02c1bb124f993488cf21b269fc
Beach Boy,1jNyxG5S2P9gztbfAnrq85,Aminé,,https://i.scdn.co/image/ab67616d00001e0260282020360f5048976275aa
Nuestro Planeta (feat. Reykon),12TOa8pzhbLTWh1vxIsPMp,Kali Uchis,,https://i.scdn.co/image/ab67616d00001e0290b4e1905b1fc48c537ec053
Face In The Crowd,7hwOP7aWo6JMecBTaEWJCo,Mac Miller,,https://i.scdn.co/image/ab67616d00001e0250570144b4a9a459406f9a3d
Have Some Love,3baESV24ilV6meyqLUh0WU,Childish Gambino,,https://i.scdn.co/image/ab67616d00001e02f78c98bbf2b3c9e2a764203e
Wedding Day,4FgOFhLOz8kJwWuHE58HVw,SAINt JHN,,https://i.scdn.co/image/ab67616d00001e02cdb624d3049740537b9f7b50
"Elevate (feat. Denzel Curry, YBN Cordae, SwaVay, Trevor Rich)",6kiauSlWtddVQx4JwJx51p,Various Artists,,https://i.scdn.co/image/ab67616d00001e02e2e352d89826aef6dbd5ff8f
Montego Bae,4PJ4WEQOFG3BwRl5gU6WJL,Noname,,https://i.scdn.co/image/ab67616d00001e02ce7e6ffdadee072abfeb78a8
Ace,06fNR3xo4ksfvM4UTeEoZJ,Noname,,https://i.scdn.co/image/ab67616d00001e02ce7e6ffdadee072abfeb78a8
Without Me,6FZDfxM3a3UCqtzo5pxSLZ,Halsey,,https://i.scdn.co/image/ab67616d00001e027636e1c9e67eaafc9f49aefd
Riot,3YxunxpAExKBEvhuf7wQOK,Childish Gambino,,https://i.scdn.co/image/ab67616d00001e02f78c98bbf2b3c9e2a764203e
D4L,5fHrHoJKfCgBd35zwIBmUK,Drake,,https://i.scdn.co/image/ab67616d00001e02bba7cfaf7c59ff0898acba1f
Niagara Falls (Foot or 2) [with Travis Scott & 21 Savage],4WuOWVnAqvEQxgSRrspBgt,Metro Boomin,,https://i.scdn.co/image/ab67616d00001e02c4fee55d7b51479627c31f89
Stay Tru,40ZUYrNTx4WAWN39VkrCOW,Mereba,,https://i.scdn.co/image/ab67616d00001e02bb2dcdded318b31909aef025
Nobody Like You (with Vera Blue),3pzHdHpwIb8bzZZAT1jRhk,Louis The Child,,https://i.scdn.co/image/ab67616d00001e02d0c97444ecc52c4ca601144a
Never Ending,7Jd5LgnSRQElW6FsTWVPzE,Rihanna,,https://i.scdn.co/image/ab67616d00001e0233c6b920eabcf4c00d7a1093
"After The Storm (feat. Tyler, The Creator & Bootsy Collins)",1otG6j1WHNvl9WgXLWkHTo,Kali Uchis,,https://i.scdn.co/image/ab67616d00001e0290b4e1905b1fc48c537ec053
Sensually,4Wb8NdNKT7kjeHIs8IMRUK,Dende,,https://i.scdn.co/image/ab67616d00001e0258d9ab6afcb99c0e7d910d98
My Affection (with PARTYNEXTDOOR),2aSM4sbNN7cSmpYOG0sf46,Summer Walker,,https://i.scdn.co/image/ab67616d00001e028423c8534a6a7a010f94bb47
"Familia (with Anuel Aa, feat. Bantu) - Spider-Man: Into the Spider-Verse",4Uy3kNxW2kB8AEoXljEcth,Various Artists,,https://i.scdn.co/image/ab67616d00001e02e2e352d89826aef6dbd5ff8f
Last One I Love,2KJ8qUPD6ob0vHqJlLaZFX,Marc E. Bassy,,https://i.scdn.co/image/ab67616d00001e028d72b4e6b3972cd88545d9d1
Elsie's Baby Boy (flashback),6jiwr6xTHqjdun5d3cEwXV,Kid Cudi,,https://i.scdn.co/image/ab67616d00001e029bf7698a1737bc7c2e4a14f3
Georgia,71HLq0W8DLzHT2geH1Et0H,Dende,,https://i.scdn.co/image/ab67616d00001e0258d9ab6afcb99c0e7d910d98
Seasons (with Sjava & Reason),35cOyocq8Gb6UcT0NWeTwn,Kendrick Lamar,,https://i.scdn.co/image/ab67616d00001e02c027ad28821777b00dcaa888
When To Say When,5TCBWmEBrin7etRa4Lswr1,Drake,,https://i.scdn.co/image/ab67616d00001e02bba7cfaf7c59ff0898acba1f
ME & MY PIANO,0UVnTIEyD6UZAYuZTZ7Li7,Rejjie Snow,,https://i.scdn.co/image/ab67616d00001e02525742f1c2ad384049480e53
Trickin'?,03UNFdU02KrfWZ905Nb9mW,Duckwrth,,https://i.scdn.co/image/ab67616d00001e022e5a021780f5056724a5b6af
Love To Lay,27BgDmciSjoxTG0almHTpZ,The Weeknd,,https://i.scdn.co/image/ab67616d00001e024718e2b124f79258be7bc452
Bag Talk,3yOd6WJzcg2SWTEVHzVKcf,Joey Purp,,https://i.scdn.co/image/ab67616d00001e02c038cc146b4418bf3ddfdbb9
TAKING TRIPS,1VnUHwES1tSaWlNHcHCIUt,Vince Staples,,https://i.scdn.co/image/ab67616d00001e02ab1b13e7ec3ada8d31cdae8b
Might Be,2WlOO5UM3eoEQt7Z2z3PU1,Anderson .Paak,,https://i.scdn.co/image/ab67616d00001e02575d35bb37c74b64c7308ed5
Intro,7LoWAhcGbxSkT6trTqXQR6,Juice WRLD,,https://i.scdn.co/image/ab67616d00001e02f7db43292a6a99b21b51d5b4
X (with 2 Chainz & Saudi),4LmAnpjlhWTahvRkYR8xJa,Kendrick Lamar,,https://i.scdn.co/image/ab67616d00001e02c027ad28821777b00dcaa888
Metro Spider (with Young Thug),2VtgzixdB967bHDNu5A1nh,Metro Boomin,,https://i.scdn.co/image/ab67616d00001e02c4fee55d7b51479627c31f89
Riot,3VaitfKiWcEEQaiwt6kIac,Jaden,,https://i.scdn.co/image/ab67616d00001e0260ec4df52c2d724bc53ffec5
Let It Go,6qwLieyhZ2vhn3xuIOrw32,Summer Walker,,https://i.scdn.co/image/ab67616d00001e028423c8534a6a7a010f94bb47
Silk Pillows,4f8lrOeyldlSGvOcIAiNA4,Smino,,https://i.scdn.co/image/ab67616d00001e028be32b380765207f19d56435
Aw Sh*t!,4FzCmJhxpMJiOoKW6xV3wV,Joey Purp,,https://i.scdn.co/image/ab67616d00001e02c038cc146b4418bf3ddfdbb9
Spitshine,3OQdQYHxBUN5YZDmbjc08z,Smino,,https://i.scdn.co/image/ab67616d00001e028be32b380765207f19d56435
Run To Me (Laura Mvula Version),58jXBVeV1Q3wprUutV5aIA,Brittany Howard,,https://i.scdn.co/image/ab67616d00001e0232caae08ed1b1ee50296f6da
Monica Lewinsky (feat. A Boogie Wit da Hoodie),4hTErxf8ZqFNGH0hZqEoAI,SAINt JHN,,https://i.scdn.co/image/ab67616d00001e02cdb624d3049740537b9f7b50
Do Whatchu Want To Me,10Zs7eRmTZ7zXmob4GR6Gm,NoMBe,,https://i.scdn.co/image/ab67616d00001e02febb64ee78237bb1e6fd7fab
More,3jgHKbpswygyOMipFz06RQ,Halsey,,https://i.scdn.co/image/ab67616d00001e027636e1c9e67eaafc9f49aefd
Bang!!!!,0J8KdG7kgOoEKSlSwc7732,Lloyd,,https://i.scdn.co/image/ab67616d00001e020cbcba901936179fd2c048e0
Attention,6pDVjCUA3B1vg9waKutAsv,The Weeknd,,https://i.scdn.co/image/ab67616d00001e024718e2b124f79258be7bc452
Higher,1KnJwhZU3DIBe54Q4HPpIl,Rihanna,,https://i.scdn.co/image/ab67616d00001e0233c6b920eabcf4c00d7a1093
THE SHINING,4JvTUper6kKrGUuOPsdhI2,Vince Staples,,https://i.scdn.co/image/ab67616d00001e02ab1b13e7ec3ada8d31cdae8b
UNBORN,5PbKEZWT2E0DNw775d6YYZ,Rejjie Snow,,https://i.scdn.co/image/ab67616d00001e02525742f1c2ad384049480e53
LOYAL (feat. Drake),6EJx2i6wJEmCzULdcWi4Ed,PARTYNEXTDOOR,,https://i.scdn.co/image/ab67616d00001e02d8082097058d4c44739b17dd
